url_path,views_total,views_unique
/cubicleguy/su_arduino_uart,8,5
/cubicleguy/su_arduino_uart/blob/main/src/uart_epson_common.cpp,4,3
/cubicleguy/su_arduino_uart/tree/main/src,3,3
/cubicleguy/su_arduino_uart/blob/main/src/imu_epson_M-Gxxx_M-Vxxx.h,3,2
/cubicleguy/su_arduino_uart/blob/main/src/epson_devices.h,2,2
/cubicleguy/su_arduino_uart/blob/main/examples/su_sampling_example/su_sampling_example.ino,1,1
/cubicleguy/su_arduino_uart/blob/main/src/accel_epson_user_def.h,1,1
/cubicleguy/su_arduino_uart/blob/main/src/uart_epson_common.h,1,1
/cubicleguy/su_arduino_uart/tree/main/examples,1,1
/cubicleguy/su_arduino_uart/tree/main/examples/su_sampling_example,1,1
